0,亚托克斯,暗裔剑魔,符文之地,战士,暗裔,2013/6/13,"亚托克斯曾是恕瑞玛抗击虚空时的伟大战士。但是，他和他的同胞却有可能变成符文之地更大的威胁。最终，他们败给了凡人的狡诈巫术，自身的精魂被锁在了武器之内。数百年的监禁之后，亚托克斯头一个挣脱出来，腐蚀并转化那些胆敢染指的蠢人。现在，他将夺来的血肉模仿着自己曾经的形象粗暴地重塑，渴望着迟来许久的末世复仇。
"
1,阿狸,九尾妖狐,艾欧尼亚,法师,瓦斯塔亚,2011/12/14,天生就与精神领域的魔法存在连接的阿狸，是一名狐狸模样的瓦斯塔亚，在世界上寻找着自己所属的位置。进入凡人社会以后，她成为了一名充满悔意和同情心的掠食者，她喜欢操纵猎物的情绪，然后再吸食他们的生命精魄——每吞噬一个灵魂，都伴着他们生前的记忆片段与领悟洞见。
2,阿卡丽,离群之刺,艾欧尼亚,刺客,人类,2010/5/11,"无论是均衡教派还是暗影之拳的称号，都已被阿卡丽抛弃，如今的阿卡丽独来独往，随时可以成为她的人民所需要的夺命武器。虽然她牢牢铭记着她从宗师慎身上学来的一切，但她效忠保护艾欧尼亚并铲除敌人，每次一条命。或许阿卡丽的出击悄然无声，但她传达的信息将响亮无比：不听命于任何人的刺客最为可怕。
"
3,阿克尚,影哨,恕瑞玛,射手,人类,2021/7/8,面对天大的危险，阿克尚也只会轻轻挑起一边眉毛。他身手矫健，嫉恶如仇——而且显而易见，他对服饰兴趣不大。阿克尚非常善于潜行，能够避开敌人的耳目，出现在最令人出其不意的时机。他怀着强烈的正义感，带着一把可以逆转生死的传奇武器，在符文之地上主持公道，惩治邪祟。他以自己的生命践行着自己的信条：“不做混蛋。”
4,阿利斯塔,牛头酋长,符文之地,坦克,瓦斯塔亚,2009/2/21,阿利斯塔一直都是威名远扬的巨力勇士，他要为自己被屠杀的氏族向诺克萨斯帝国复仇。虽然他曾被奴役，并被迫成为斗兽场中的角斗士，但他坚不可摧的意志使他免于沦为真正的野兽。现在，挣脱了奴役枷锁的他继续以受苦之人和弱者的名义战斗。他的愤怒，还有犄角、蹄子和拳头，都是他的武器。
5,阿木木,殇之木乃伊,恕瑞玛,坦克,约德尔人,2009/6/26,在远古的恕瑞玛，有一个孤独而又忧郁的灵魂，阿木木。他在世间游荡，只为找到一个朋友。他遭受了一种远古的巫术诅咒，注定忍受永世的孤单，因为被他触碰就意味着死亡，他的喜爱便是毁灭。所有自称见过阿木木的人都说他是一具活生生的死尸，身材矮小，通体捆绑着青灰色的绷带。世人围绕阿木木编造了许多神话故事、民间传说和史诗传奇。这些故事世代传颂，以至于再也没人能分得清哪些是真相，哪些是幻想。
6,艾尼维亚,冰晶凤凰,弗雷尔卓德,法师,神,2009/7/10,艾尼维亚是一个充满仁慈的飞禽形态灵体，曾经历过无数次诞生、死亡与重生的轮回，始终眷顾着弗雷尔卓德。她是生于凛冽冰风中的半神，可以操控冰雪的元素之力，阻挡那些胆敢侵犯她家园的人。艾尼维亚指引并保护着北方贫瘠土地上的人类部落，而这些人类也将她奉为希望的象征和重大变革的预兆。她的每一次奋战都不遗余力，因为她知道，自己的记忆将会超越牺牲，长久地留存，而她也将在崭新的明天中重生。
7,安妮,黑暗之女,符文之地,法师,人类, 2009/02/21,"既拥有危险夺命的能力，又拥有小大人儿的可爱模样，安妮是一名掌握着深不可测的炎能魔法的幼女魔法师。安妮生活在诺克萨斯北边的山脚下，即使是在这种地方，她也仍然是魔法师中的异类。她与火焰的紧密关系与生俱来，最初是伴随着喜怒无常的情绪冲动出现的，不过后来她学会了如何掌握这些“小把戏”。其中她最喜欢的就是召唤她亲爱的泰迪熊提伯斯。巨熊带着地狱烈焰咆哮而出，肆意破坏。安妮已经迷失在了永恒的天真里。她在黑暗的森林中游荡，始终寻觅着能陪自己玩耍的人。
"
8,厄斐琉斯,残月之肃,巨神峰,射手,人类,2019/11/19,如月影般神出鬼没、时刻剑拔弩张的厄斐琉斯沉默地弑杀一切自身信仰的敌人。他的语言只有精确的瞄准和枪火。虽然他饮下了让他失声的毒药，但他也因此得到了妹妹拉露恩的引导，从遥远的神庙中将月石打造的各种武器送到他手里。只要头顶的明月依然皎洁，厄斐琉斯就永不孤单。
9,艾希,寒冰射手,弗雷尔卓德,射手,寒冰血脉,2009/2/21,作为阿瓦罗萨部族的战母，寒冰血脉的艾希率领着北方人数最多的部落。她克己、智慧、忠于理想，但并不适应自己作为领袖的角色，艾希与自己血脉中蕴藏的先祖魔法相通，挽起了臻冰打造的长弓。她的族人相信她就是神话中的女英雄阿瓦罗萨的转世，在人们的追随下，艾希希望夺回那些属于部族的古代领土，从而让弗雷尔卓德再次实现统一。
10,奥瑞利安·索尔,铸星龙王,符文之地,法师,神,2016/3/24,奥瑞利安•索尔创造了奇迹般的群星，为无垠的荒芜太空布下他宏伟的恩典，但却遭到巨神星灵的算计，揭示了一颗他所铸造的太阳的秘密。他的神力被抽走，并制造出不朽的天神战士，用来保护那个无足轻重的星球——符文之地。如今，为了重新掌控宇宙，奥瑞利安•索尔誓要夺回属于自己的自由。哪怕召星降怒，倾覆众生。
11,阿兹尔,沙漠皇帝,恕瑞玛,法师,飞升者,2014/9/16,阿兹尔是上古时期恕瑞玛的一位凡人皇帝，一位站在不朽神话巅峰的自豪之人。但他的狂妄引来了旁人的背叛，在最伟大胜利降临的那一刻将他杀害。而现在，数千年后，他重获新生并成为了力量无边的飞升者。阿兹尔的城市已经从黄沙之下崛起，他要让恕瑞玛恢复曾经的荣光。
12,巴德,星界游神,符文之地,辅助,神,2015/3/12,巴德是星界彼端的旅者，是奇缘巧遇的使者。他努力地维护着宇宙中的美妙协调，游走于创造物之间，以及遥远彼方冰冷、无情的存在。符文之地有许多人传唱关于他的歌谣，内容里流露出对他超凡本质的猜想，而所有这些歌谣都会提及同一件事：这位星界游荡者总是会被强大的魔法圣物所吸引。一群木灵欢唱乐团始终围绕在巴德身边充当小帮手，他的行为绝不会被误会带有任何恶意，因为他永远都是在为更大的良善尽职尽责……只不过他的方式不为常人理解。
13,布里茨,蒸汽机器人,祖安,坦克,非人,2009/9/2,锃亮的金属、滚烫的蒸汽和噼啪作响的闪电组成了铁巨人布里茨，他不知疲倦地走在祖安的街道上，努力改善这座地下都市并帮助困境中的人。他最初被创造出来是为了进入祖安城内最危险恶劣的环境中处理有害废料，但他的进化已经远超源程序的设计范围，因为他有一位天才发明者，还有海克斯科技的神秘力量。
14,布兰德,复仇焰魂,符文之地,法师,人类,2011/4/12,"<i>基根·诺和曾经是一名普通弗雷尔卓德部族居民，现在则变成了另一种生物，布兰德。他的身世警醒着后人，被更强大的力量所诱惑会带来什么后果。基根为了追寻传说中的世界符文，背叛了自己的同伴并将符文据为己有，就在那一瞬间，这个人彻底消失了。他的灵魂被彻底燃尽，他的身躯成为了活体烈焰的容器，如今，布兰德游荡在瓦洛兰，寻觅着其他的符文。他曾遭受的苦难，凡人活上十几辈子也绝无可能经历，而他发誓此仇必报。</i>
"
15,布隆,弗雷尔卓德之心,弗雷尔卓德,辅助,人类,2014/5/12,拥有大块肌肉和更大颗心脏的布隆，是一位受人爱戴的弗雷尔卓德冰裔英雄。凝霜港以北的任何一家蜜酒坊里都有人会致敬他传奇般的强壮，讲述他的事迹，例如在一夜之间扫平一整片橡树森林，还有用拳头把一整座山打成碎石子。一扇附有魔法的秘库大门被他拿在手中当做盾牌，布隆是游荡在在北方的冻土上快乐的保护者，帮助所有危难之中的人，一步步迈向他的梦想：一个和平安定的弗雷尔卓德。
16,凯特琳,皮城女警,皮尔特沃夫,射手,人类,2011/1/4,凯特琳被誉为皮尔特沃夫最顶尖的和平卫士，同时也是让这座城市真正摆脱地下隐秘犯罪的最有希望的人选。她经常和蔚联手执行任务，以冷静和沉着弥补自己搭档的鲁莽天性。虽然她的海克斯科技步枪独一无二，但凯特琳最强大的武器其实是她过人的智谋，总是能设下天罗地网，迎接任何傻到敢在进步之城作案的不法之徒。
17,卡蜜尔,青钢影,皮尔特沃夫,战士,人类,2016/11/28,卡蜜尔是菲罗斯家族的首席密探，也是一台精密的人形兵器。她游走于法律已然失效的边缘地带，小心地维护着皮尔特沃夫这台机器和其下的祖安，保证一切都能顺畅地运转。头脑灵活、行动精准，在她眼中任何浮皮潦草的技术都是必须被禁绝的丑陋行径。卡蜜尔的心智和她随身的刀刃一样锐利，她追求极致，对自己进行了大幅度的海克斯人体增强手术。这也让很多人不禁怀疑，如今的她究竟是一台机器还是一个女人。
18,卡西奥佩娅,魔蛇之拥,诺克萨斯,法师,人类,2010/12/14,卡西奥佩娅是个致命的生物，决心要操纵其他人屈服于自己的意志之下。身为诺克萨斯贵族杜•克卡奥家族的最年轻、最漂亮的女儿，她冒险深入恕瑞玛古代墓穴找寻远古的力量。在墓穴中，她被恐怖的墓穴守卫咬中，在毒液的作用下变成了毒蛇外形的掠食者。狡猾而敏捷的卡西奥佩娅如今在夜幕的掩护下蜿蜒滑行，用阴森的凝视让敌人石化。
19,科加斯,虚空恐惧,虚空之地,坦克,虚空生物,2009/6/26,自从科加斯出现在符文之地烈日照射之下的那一刻起，它就被永不餍足的饥饿所驱使。虚空吞噬一切生命的欲望完美地体现在科加斯的身上，它复杂的生物构造能够迅速将物质转化为身体的成长，不仅会增加肌肉的质量和密度，还能让外壳变得有如钻石般坚硬。当单纯的体型增长已经不能满足它时，这只虚空生物就会将多余的物质形成锋利的骨刺吐出体外，刺穿猎物，为稍后的盛宴进行准备。
20,库奇,英勇投弹手,班德尔城,射手,约德尔人,2009/9/19,约德尔飞行员库奇最爱两件事物：一是飞行，二是自己英俊的小胡子，排名不分先后。离开班德尔城以后，他在皮尔特沃夫安家，从此爱上了这里奇异壮观的各式机器。他决定投身于飞行装置的开发事业，带领一群老练飞行员组成了一只空中防御力量，得名“尖啸之蛇”。临危不乱的库奇在他第二故乡的空域戒备巡逻，而他还从没见过什么问题是一轮导弹齐射不能解决的。
21,德莱厄斯,诺克萨斯之手,诺克萨斯,战士,人类,2012/5/23,提到诺克萨斯力量的象征，帝国上下没有人能比德莱厄斯这名久经沙场的战士更加适合。他从无名小卒逐渐成长为诺克萨斯之手，劈开了无数敌人的身躯 —— 其中也不乏诺克萨斯自己人。他从不怀疑自己执行的公义，也从不会在举起战斧后迟疑。作为崔法利军团指挥官，德莱厄斯的任何对手都不用指望他手下留情。
22,黛安娜,皎月女神,巨神峰,战士,人类,2012/8/7,手持新月形状的月刃、身披冬夜白雪般的闪亮铠甲，黛安娜是皎白银月之力的现世化身。她的体内注入了巨神峰彼端的星灵精粹，如今的黛安娜已经不再是单纯的人类，同时也在艰难地理解着自己所拥有的力量、自己在这世上的意义。
23,德莱文,荣耀行刑官,诺克萨斯,射手,人类,2012/6/6,在诺克萨斯，有一种战士被称为“清算人”。他们在竞技场里互相厮杀，以鲜血作为赌注进行力量的考验，不过没有任何人能像德莱文那样受人追捧。曾经参过军的他，发现竞技场的观众们尤为喜爱他的耀武扬威和刻意表演，更不要提他每一记飞斧溅出的大片鲜血。这种狂傲的完美带来的赞叹令他上瘾，因此德莱文发誓要不惜代价打败任何对手，以此确保自己的名字在帝国之中永世传唱。
24,蒙多医生,祖安狂人,祖安,战士,人类,2009/9/2,精神与认知彻底崩坏、杀人的欲望永不满足、浑身皮肤紫得发黑，这就是蒙多医生，这就是祖安人在漆黑的夜里不敢出门的原因。如今的他自封为一名医生，但在以前，他是祖安最臭名昭著的疯人院里的病人。在“治愈”疯人院里的全体工作人员后，蒙多医生在过去收治他的空病房里搭起了手术台，有模有样地还原起他当年亲历的各种非人实验。蒙多医生的药柜里装满了瓶瓶罐罐，脑子里却丝毫没有半点医学知识。随着他把药剂一针针注入体内，他的外貌也变得愈发丑陋骇人，把误入他办公室周围的“病人”吓得魂飞胆散。
25,艾克,时间刺客,祖安,刺客,人类,2015/5/28,艾克是一名来自祖安不良街区的奇才。他可以操纵时间，从而让任何处境都变得对自己有利。通过使用他自己的发明——Z型驱动——他可以探索其他平行现实的分支并创造最完美的条件。尽管他酷爱这种自由，但只要他的朋友们遇到了威胁，他就会不顾一切地去保护他们。在旁观者眼里，艾克总是能初次尝试就完成不可能之举，事事如此，概无例外。
26,伊莉丝,蜘蛛女皇,暗影岛,法师,人类,2012/10/26,伊莉丝是一名夺命的掠食者，栖息在诺克萨斯最古老城区深处的一座不见天日的破旧宫殿。她曾是一个显赫贵族的女族长，但后来邪恶卑鄙的蜘蛛之神咬伤了她，把她变为某种似人非人，却又美貌依旧的怪物——像蜘蛛一样，将粗心大意的猎物引入自己的天罗地网。如今的伊莉丝以单纯之人和背弃誓言者为食，几乎无人能抵抗她的诱惑。
27,伊芙琳,痛苦之拥,符文之地,刺客,恶魔,2009/5/1,在符文之地的黑暗裂缝中，恶魔伊芙琳一直在搜寻着下一个目标。她披着人类女性的撩人外表，勾引她的猎物。只要有人被她魅惑，伊芙琳就会显露出真正的形态。她会施加难以言喻的折磨，从而让自己在猎物的疼痛中获得满足。对于这个恶魔来说，这样的欢愉只是无心无邪的滥情。但是对于符文之地上的其他人，听到的则是血肉模糊的传说，提醒着人们肉欲的危险和纵欲的代价。
28,伊泽瑞尔,探险家,皮尔特沃夫,射手,人类,2010/3/16,"神采奕奕的冒险家伊泽瑞尔拥有自己不知道的魔法天赋，他搜刮失落已久的古墓，触碰古老的诅咒，还举重若轻地挑战常人不可能完成的极限。他的勇气和壮举无边无际，总是喜欢随机应变地解决任何情况，一定程度上依赖他的小聪明，但更主要是依赖他神秘的恕瑞玛护手，在他的操控下释放出破坏性的奥术爆弹。有一件事可以肯定——只要伊泽瑞尔出现，那么麻烦一定接踵而至。或是还没走远。范围大概是随时随地。
"
29,费德提克,远古恐惧,符文之地,法师,恶魔,2009/2/21,符文之地上有什么东西苏醒了。它古老悠久、恐怖骇人。这个被称为费德提克的远古恐惧无声无息地行走在凡人社会的边缘，被恐慌气氛所吸引，以猎物的惊骇为食。它化身成枯瘦简陋的实体，挥舞着破旧的镰刀，亲自收割恐惧。那些不幸从它手中活下来的人，心智会被彻底摧毁。务必小心乌鸦的声音，或者某个像是人类的身影发出的低语……费德提克回来了。
30,菲奥娜,无双剑姬,德玛西亚,战士,人类,2012/2/29,菲奥娜是全瓦洛兰最可怕的决斗家。她以雷厉风行、巧腕明政闻名于世，同样著名的还有她舞弄自己佩剑的极速。菲奥娜出生在德玛西亚的劳伦特家族，在一场险些令家族灭亡的丑闻风波过后，她从父亲的手中接管了家业。如今她致力于重振家族荣耀，让劳伦特这个名字重回德玛西亚名望贵族之列。
31,菲兹,潮汐海灵,符文之地,刺客,约德尔人,2011/11/15,菲兹是一名水陆两栖的约德尔人，生活在比尔吉沃特周围的群礁之间。他会经常把迷信的船长们抛进海中的什一税捡起来物归原主。不过即使是最粗鲁的水手也知道不要招惹他，因为这里流传着的各种教训，都是因为低估了这个小鬼。经常有人误会他的行为只是海洋精灵的任性举动，而事实上他可以号令来自深渊的巨型猛兽，而且不管是盟友还是敌人他都喜欢捉弄。
32,加里奥,正义巨像,德玛西亚,坦克,非人,2010/8/10,德玛西亚雄都之外，巨型石像加里奥始终如一地守望着。他被创造出来是为了抵挡来犯的法师，但却经常要一动不动地矗立数十年，只有当强大的魔法力量出现时，他才会被激活。而只要加里奥活动起来，他便会充分利用每一刻，品味荡气回肠的战斗和来之不易的守护人民的荣耀。可惜，他的胜利永远都喜忧参半，因为消灭魔法的同时，也消灭了他活跃力量的源泉。每一次胜利都会使他再次进入不知世事的休眠。
33,普朗克,海洋之灾,比尔吉沃特,战士,人类,2009/8/19,诡计多端、心狠手辣的普朗克是被废黜的强盗之王，他令人恐惧的名号广达远至。他一度是港口城市比尔吉沃特的统治者。虽然现在他的威权已经不再，但人们相信这只会让他变得更加可怖。普朗克若是知道有人要从他手中抢走比尔吉沃特，必然会大肆血洗这座城市。而如今有了火枪、弯刀，还有一桶桶的火药，他决心要夺回自己失去的东西。
34,盖伦,德玛西亚之力,德玛西亚,战士,人类,2010/4/27,身为一位自豪而且高贵的士兵，盖伦奋战在无畏先锋的最前沿。他深受战友们的爱戴，也受到敌人们的尊敬——同样重要地，他还是冕卫家族的名门之后，肩负着守卫德玛西亚及其理念的重任。他身披抵御魔法的重甲，手持阔剑，时刻准备着用正义的钢铁风暴在战场上正面迎战一切操纵魔法的狂人。
35,古拉加斯,酒桶,弗雷尔卓德,战士,人类,2010/2/2,豪爽而且威严的古拉加斯是一位身宽体胖、吵闹喧哗的酿酒大师，只为找到最完美的那一口麦酒。他从未知的地方前来，在弗雷尔卓德纯洁的荒原上寻找稀有的酿酒原料，尝试着各种不同的酿制配方。他总是酩酊大醉而且冲动鲁莽，他挑起的斗殴事件堪称传奇，经常造成一整夜的狂欢和殃及池鱼的破坏。只要古拉加斯在某地现身，接踵而至的往往是饮酒和闹事——就按这个顺序。
36,格雷福斯,法外狂徒,比尔吉沃特,射手,人类,2011/10/19,马尔科姆•格雷福斯是有名的佣兵、赌徒和窃贼，凡是他到过的城邦或帝国，都在通缉悬赏他的人头。虽然他脾气暴躁，但却讲究黑道的义气，他的双管霰弹枪“命运”就经常用来纠正背信弃义之事。几年前他和老搭档崔斯特•菲特冰释前嫌，如今二人一同在比尔吉沃特的地下黑道纷争中再次如鱼得水。
37,格温,灵罗娃娃,暗影岛,战士,非人,2021/3/30,格温是一个被魔法赋予了生命的玩偶，而她所挥使的正是当初创造了她自己的工具。格温无比珍惜这份机缘，踏出的每一步都承载着曾经主人的爱意。格温拥有控制“圣霭”的能力。这是一种来自远古的庇护性法术，她的剪刀、衣针和缝线都因圣霭而得到了庇佑。即便有这么多新奇的事物等待着格温，她既感到兴奋，但又带着强烈的使命感，决心拯救在这个破碎世界里艰难挣扎的人们。
38,赫卡里姆,战争之影,暗影岛,战士,非人,2012/4/18,赫卡里姆是人与野兽的融合体，诅咒让他永世狂奔。当福光岛堕入暗影，这位高傲的骑士在破败之咒的破坏性能量中瓦解，一起陪葬的还有他手下的骑兵与坐骑。如今，只要黑雾延伸到符文之地，他就将带领毁灭性的冲锋，在屠杀中狂喜，用铁蹄碾压一切敌人。
39,黑默丁格,大发明家,皮尔特沃夫,法师,约德尔人,2009/10/10,塞西尔·B·黑默丁格教授是一个才华横溢但古怪反常的约德尔科学家。他被称赞为皮尔特沃夫前所未见的最具革新意识和受人尊敬的发明家之一。他不间断地工作，孜孜不倦地尝试解答宇宙中最费解的难题，达到了神经痴迷的程度。尽管他的理论经常会看起来晦涩难懂，但他也曾制造出许多发明，堪称皮尔特沃夫最为惊奇，当然也同样危险的机械，他也在不断改进自己的发明，让它们更加高效。
40,俄洛伊,海兽祭司,比尔吉沃特,战士,人类,2015/11/24,俄洛伊的体格强横无比，却唯独会在她的坚定信仰面前屈身。作为大海兽的先知，她挥舞着一个巨大的金色神像，将敌人的灵魂抽离体外，完全击毁他们对现实的感知。所有对“娜伽卡波洛丝的真者”发起挑战的人，很快就会发现，俄洛伊从来不单打独斗——蟒行群岛的神明会与她并肩作战。
41,艾瑞莉娅,刀锋舞者,艾欧尼亚,战士,人类,2010/11/16,诺克萨斯对艾欧尼亚的占领催生了许多英雄，但没有谁像纳沃利的艾瑞莉娅一般令人意外。她将家乡的古老舞艺化为战技，以精心修习的优雅身姿操控着致命的刀丛。在她证明了自己的战斗实力后，被众人推举为反抗军的领袖和首脑，为了守卫家园而奋斗至今。
42,艾翁,翠神,艾欧尼亚,辅助,非人,2016/10/5,艾翁，许多认识他的人都称他为荆足或者老樵夫，他是一个半人半树的奇特生物，游荡在符文之地的荒野上，所经之处无不生机盎然。他知晓自然界的种种秘密，无论是飞禽走兽还是游鱼虫孑，都与他交谊深厚。艾翁会培植丰茂的森林，向路遇的凡人传授奇特的智慧，时不时地，他也会向口风不严的蝴蝶托付自己所知的秘密。
43,迦娜,风暴之怒,祖安,辅助,神,2009/9/2,作为悠久而神秘的风之精灵，如今的迦娜保护着祖安的穷苦百姓。虽然她最常现身的形式是柔和的轻风或猛烈的龙卷，但她也能化成仙女般的实体，安慰困境中的人们。万古以来，迦娜见证了文明的兴衰起落。自始至终，她都是一座屹立不倒的灯塔信标，让绝望之人看到希望。
44,嘉文四世,德玛西亚皇子,德玛西亚,坦克,人类,2011/3/1,作为国王的独生子，嘉文皇子是显而易见的德玛西亚王位继承人。他自小被寄予厚望，有朝一日能够成为德玛西亚的楷模，而如此沉重的负担令他想在战场上证明自己的心中充满了挣扎。作为一名独具杰出天赋的战士，他英勇无畏的气势和一往无前的决心鼓舞着全军上下，显现出身为人主的真实才干。
45,贾克斯,武器大师,符文之地,战士,人类,2009/2/21,贾克斯是符文之地最伟大的武器大师，也是考阿利的唯一幸存者——他们是一群誓死保卫艾卡西亚的守护者。但当虚空被释放出来对抗恕瑞玛帝国的飞升之团，艾卡西亚遭到了摧毁，让贾克斯失去了故乡和前进的目标。他回收了“艾卡西亚最后的光”，作为他有朝一日击败虚空的希望象征，如今他遍及全世界，寻找足够强大的战士，与他共同对抗即将到来的黑暗。
46,杰斯,未来守护者,皮尔特沃夫,战士,人类,2012/7/7,杰斯是一位天才发明家，他为了守护皮尔特沃夫和这座城市对于进步的追求贡献了毕生的心血。杰斯依靠手中的海克斯科技变形锤，还有自己的力量、勇气和出众的智慧守护着他的故乡。虽然整座城市都将他视为英雄，但他却并没有处理好这样的声名。即便如此，杰斯的心之所向依旧纯良，即使是那些嫉妒他天赋的人，也会真心实意地感谢他给进步之城带来的保护。
47,烬,戏命师,艾欧尼亚,射手,人类,2016/2/1,作为一名心思缜密的癫狂杀手，烬坚信谋杀是一门艺术。他曾在艾欧尼亚的监狱中服刑，但却因为执政议会里涌动着的暗流而得到释放，成为了权术斗争所利用的刺客。烬将手中的枪当成画笔，尽情地挥洒他所追求的残忍艺术，让受害者肝胆俱裂，令旁观者震悚难平。他在自己制作的阴森剧目里肆意取乐，让“恐怖”二字有了最合适不过的信使。
48,金克丝,暴走萝莉,祖安,射手,人类,2013/10/10,神经狂躁、冲动任性、劣迹斑斑……金克丝出身自祖安，生来就爱不计后果地大搞破坏。她就是一座人形自走军火库，所经之处必定会留下夺目的火光和震耳的爆炸。金克丝最讨厌无聊，所以不管她去到哪里，混乱和骚动就会如期而至，这就是她留下的“到此一游”。
49,卡莎,虚空之女,虚空之地,射手,人类,2018/3/2,在孩童时期就被虚空夺走的卡莎，凭着纯粹的固执和意志力活了下来。她的历练让她成为了一位夺命的猎手，或者也有人会称她为黑暗未来的使者。她与一副有生命的虚空生物甲壳形成了一种不得安宁的共生状态，而很快她就将面临一个重大的抉择，究竟是原谅那些称她为怪物的凡人并协力抵御压境的黑暗……还是干脆忘记，放任虚空吞噬这个已将她抛弃的世界。
50,卡莉丝塔,复仇之矛,暗影岛,射手,暗影,2014/11/20,卡莉丝塔是充满复仇怨念的幽灵，是不灭的复仇之魂，是来自暗影岛的噩梦，专门猎杀背信弃义之人。背叛行为的受害者会以血泪盼望复仇，但卡莉丝塔只会回应那些愿意献出灵魂作为代价的人。只要被卡莉丝塔盯上就应该了却尘愿，因为这位死亡猎手终结誓约的方式只有一种，那就是她灵魂标枪上的冷酷灵火。
51,卡尔玛,天启者,艾欧尼亚,法师,神,2011/2/1,"要说哪位英雄能代表艾欧尼亚的精神传统，没有谁比卡尔玛更合适。她是一个古代灵魂在当代的化身，经历过无数次转世，每次获得新生都会继承以前的全部记忆，同时也被赐予常人无法理解的力量。她在最近一次遭遇危难之时倾尽全力引领他的人民，但她知道，要获得和平与和谐，就必须付出重大代价——既是对她自己，也是对她深爱的土地。
"
52,卡尔萨斯,死亡颂唱者,暗影岛,法师,暗影,2009/6/12,卡尔萨斯是湮灭的使者，是不死的亡灵。从来都是未见其恐怖身影，先闻其鬼魅挽歌。活着的人惧怕那些永世不得超生的亡灵，但卡尔萨斯却在亡灵的存在中只看到了美丽和纯洁，这是生与死的完美融合。当卡尔萨斯从暗影岛获得新生的时候，他决心要担任不死亡灵的使徒，把死亡的欣喜带给所有凡人。
53,卡萨丁,虚空行者,虚空之地,刺客,虚空生物,2009/8/7,在世界上最黑暗的地方，卡萨丁切出了一道燃烧的裂口，他知道自己已经时日无多。他曾是恕瑞玛地区的向导和冒险家，后来选择在恕瑞玛南方平静的部落中安家落户——直到那一天，他的村庄被虚空吞噬。卡萨丁发誓要报仇雪恨，于是整合了许多秘法器物和禁忌之术，以便应对前方的险阻。最后，卡萨丁动身前往艾卡西亚的废土，准备面对任何虚空的造物，寻找那位自封的先知，玛尔扎哈。
54,卡特琳娜,不祥之刃,诺克萨斯,刺客,人类,2009/9/19,果断坚决、心狠手辣，卡特琳娜是诺克萨斯的顶尖刺客。作为传奇将军杜·克卡奥的长女，她凭借出其不意的迅猛刺杀很快声名鹊起。强烈的野心曾经驱使她挑战重兵把守的暗杀目标，甚至不惜冒险让友军暴露在危险中。不过无论是怎样的任务，卡特琳娜都会毫不迟疑地在锯刃匕首的风暴中履行自己的使命。
55,凯隐,影流之镰,艾欧尼亚,刺客,暗裔,2017/7/10,"悉达·凯隐是暗影魔法的天纵之才，他战斗的意义，是为了实现自己真正的命运——为了有朝一日能够率领影流教派，开创艾欧尼亚霸业的新世代。凯隐挥舞着活体暗裔武器拉亚斯特，毫不在意它给自己身体和思想带来的腐化。这样后果只可能有两种：要么凯隐驯服这把武器屈从自己的意志；要么，这恶毒的刀刃将他彻底吞噬，为符文之地的毁灭铺平道路。
"
56,凯尔,正义天使,德玛西亚,战士,星灵,2009/2/21,在符文战争最激烈的时刻，一位巨神星灵诞下了凯尔，她传承了母亲的荣耀，高举圣火的飞翼，为了正义而战。她和孪生妹妹莫甘娜曾是德玛西亚的保护神——但凡人反反复复的失败最终让凯尔的幻想破灭，彻底抛弃了这个国度。但关于她用火焰长剑惩罚不义之徒的传说依然在流传，关于她终将回归的希望也依然在持续……
57,凯南,狂暴之心,艾欧尼亚,法师,约德尔人,2010/4/8,历史悠久的均衡教派中，有一位资历最老的成员——约德尔人凯南是第一任也是唯一一任狂暴之心。几百年里，他使用委婉的交涉和直接的武力，维持着他第二故乡——艾欧尼亚的神圣平衡。凯南拥有闪电的速度和岁月沉淀的智慧，他与暮光之眼——慎一起保护着初生之土的脆弱和谐，用霹雳千鸟和万雷天牢扫除一切障碍。
58,卡兹克,虚空掠夺者,虚空之地,刺客,虚空生物,2012/9/27,虚空在成长，虚空在不断适应。在众多虚空生物中，没有哪种比卡兹克更能体现这一特性。进化的动力让这种恐怖不断变异，本能地求生并弑杀强者。只要它遇到了障碍，就会进化出新的、更有效的方法反制并杀掉猎物。卡兹克最初只是个愚钝的野兽，然而它的智力和它的形态一样获得了发展。现在，这只生物会提前计划狩猎行动，甚至懂得在猎物心中制造最真实的恐惧。
59,千珏,永猎双子,符文之地,射手,神,2015/10/14,千珏，作为象征死亡的一对精魂，他们互相独立，却从未分离。对于坦然接受命运的人来说，羊灵的长弓可以痛快地送他们离开生者的乐园，而妄图逃脱宿命的人则由狼灵追捕，痛苦地倒在他有力的撕咬下。虽然在符文之地上到处是关于千珏的不同传言，但每个人在临终时都会看到死亡的真正面孔。至于是哪一面，完全出自个人的抉择。
60,克烈,暴怒骑士,诺克萨斯,战士,约德尔人,2016/8/10,无畏而且狂暴的约德尔人克烈是诺克萨斯意志的化身。很多军士都说，克烈参与了有史以来帝国战群发动的每一场征战，获得了军中的每一份头衔，而且从来没有却步于任何一次战斗。虽然传闻总是不可全信，但至少有一件事毋庸置疑：只要克烈骑着胆小的斯嘎尔冲进战场，他的战斗便是为了保住所拥有的一切……或是抢走他想要的一切。
61,克格莫,深渊巨口,虚空之地,射手,虚空生物,2010/6/24,从艾卡西亚废墟深处的腐败裂口中，克格莫喷着进食后的胀气走入了符文之地，它是一只好奇的生物，然而身上散发着腐烂的恶臭，血盆大口里淌着腐蚀性的粘液。这只特别的虚空生物需要用牙齿和口水去理解周围的事物。虽然克格莫并非本性邪恶，但它的天真无知同样很危险，因为它的无知往往预示着一场疯狂的暴食——并不是为了填饱肚子，而是为了满足它无尽的好奇。
62,乐芙兰,诡术妖姬,诺克萨斯,刺客,人类,2010/11/2,即使是在秘密团体黑色玫瑰的成员内部，乐芙兰也同样保持神秘，而乐芙兰这个名字也只是众多化名之一。这个皮肤惨白的女人自从诺克萨斯建国初期就开始操纵大小人物，推动事态发展。这位女法师能用魔法制造自己的镜像，她可以出现在任何地点、任何人面前、甚至同时现身于许多地方。乐芙兰永远都在暗处密谋策划，而她真正的动机和她变换不定的身份一样令人难以捉摸。
63,李青,盲僧,艾欧尼亚,战士,人类,2011/4/1,李青是艾欧尼亚古老武术的大师，讲原则、重信义的他能将神龙之灵的精粹运用自如，助他面对任何挑战。虽然他多年前便已双目失明，但这位武僧依然献出自己的全部力量，用生命捍卫家园，抵御任何胆敢打破这里神圣均衡的人。所有因他安静冥想的举动而掉以轻心的敌人都将品尝他燃烧的拳头和炽烈的回旋踢。
64,蕾欧娜,曙光女神,巨神峰,坦克,人类,2011/7/13,蕾欧娜是被灌注了烈阳之火的烈阳教派圣殿武士，用天顶之刃和破晓之盾守护着巨神峰。她的皮肤闪烁着星火，她体内天界星灵的力量透过她的双眼炯炯燃烧。蕾欧娜身披金色铠甲，背负着沉重的上古知识，为一些人带来启示，为另一些人带去死亡。
65,莉莉娅,含羞蓓蕾,艾欧尼亚,战士,非人,2020/7/7,羞怯难当的仙灵小鹿莉莉娅在艾欧尼亚的森林中蹦跳着游荡。她躲藏在凡人视线的边缘，因为凡人的神秘一直都让她着迷，同时也让她害怕。莉莉娅要查清楚为什么他们的梦境再也无法抵达幻梦树。如今她带着一根魔法树枝游历艾欧尼亚，寻找人们未实现的梦境。只有通过梦境，莉莉娅才能绽放，并帮助其他人解开恐惧的郁结，找寻内心的闪光。呦——！
66,丽桑卓,冰霜女巫,弗雷尔卓德,法师,寒冰血脉,2013/4/30,"大多数人都认为身为霜卫首领的丽桑卓是一个活着的圣人，为弗雷尔卓德的各族带来了智慧与治愈。但事实却非如此，她使用元素魔法将臻冰扭曲成黑暗的物质并用它来冰封或穿刺胆敢揭露她隐藏的秘密的人。她的过去可能是符文之地末日的起始。
"
67,卢锡安,圣枪游侠,符文之地,射手,人类,2013/8/22,"卢锡安，一名光明哨兵，一个狩猎不死亡灵的残酷猎手，使用一双圣物手枪进行无情的追踪与杀灭。当怨灵锤石夺走他妻子的生命后，卢锡安踏上了复仇之路。但即便她已重获新生，他的怒火也没有平息。无情而又固执的卢锡安将不惜一切代价，保护生者，对抗黑雾中那亡故已久的恐怖。
"
68,璐璐,仙灵女巫,班德尔城,辅助,约德尔人,2012/3/20,璐璐是一位约德尔女巫，最著名的能力是召来梦境般的幻觉和奇异的小动物，小仙灵皮克斯就是她云游符文之地的伙伴。璐璐可以突发奇想地重塑现实，改变世界的本质结构，改造这个平凡的物质领域中任何让她感觉是限制的东西。虽然其他人对她的魔法颇有微词，往好听了说是一种异象，往难听了说是一种危害。但是璐璐始终认为，一点魔力的启发对任何人都没有坏处。
69,拉克丝,光辉女郎,德玛西亚,法师,人类,2010/10/19,拉克珊娜·冕卫出身自德玛西亚，一个将魔法视为禁忌的封闭国度。只要一提起魔法，人们总是带着恐惧和怀疑。所以拥有折光之力的她，在童年的成长过程中始终担心被人发现进而遭到放逐，一直强迫自己隐瞒力量，以此保住家族的贵族地位。虽然如此，拉克丝的乐观和顽强让她学会拥抱自己独特的天赋，如今她的目标是为故土带来更多的宽容和理解。
70,墨菲特,熔岩巨兽,以绪塔尔,坦克,非人,2009/9/2,墨菲特是一个庞大的岩石生物，诞生于以绪塔尔的巨大建筑——“独石”的中心。他花费数百年之久研究符文之地的元素平衡，用万钧之力维护这个纷乱世界的秩序，碾碎地底之下爬行的黑暗生物。如今，他从沉睡中激醒的次数越来越频繁。墨菲特不得不忍受凡人们反复无常的性情，同时作为自己族类的最后一员，追寻着唯一值得为之奋战的大业。
71,玛尔扎哈,虚空先知,虚空之地,法师,虚空生物,2010/6/1,玛尔扎哈是一名狂热的先知，将自己的全部奉献给一切生命的大一统。他坚信，近来新出现的虚空就是符文之地的救赎。在恕瑞玛的沙漠荒原上，他曾一度追随着脑海中的窃窃私语，一路来到古艾卡西亚。在这片废墟中，他窥见了虚空深处的黑暗核心，被赋予了新的力量和目标。玛尔扎哈现在视自己为迷途羔羊的牧人，将其他人带进畜栏，或是放出藏身地下的虚灵生物。
72,茂凯,扭曲树精,暗影岛,坦克,非人,2011/2/16,茂凯是一只内心暴怒外形魁梧的树精，不知疲倦地对抗暗影岛的骇人异象。一场魔法灾变摧毁了他的家园，同时也将他变成一股复仇的力量，使他免遭不死诅咒的，全靠他芯中灌注融合的生命之水。曾经的茂凯是一只平和的自然之灵，而现在的他则一直在暴怒地战斗，只为了将不死的灾祸逐出暗影岛，让他的家园重归往日的秀美。
73,易,无极剑圣,艾欧尼亚,刺客,人类,2009/2/21,"易大师锤炼身体、磨砺心智，直至身心合一。尽管他将暴力作为不得已的选择，但他优雅迅猛的剑法总是让这一手段显得尤为快捷。作为无极之道最后的门徒，易大师致力于这个门派的传承，用七度洞悉目镜搜寻着最有资格的人，寻找潜在的新弟子。
"
74,厄运小姐,赏金猎人,比尔吉沃特,射手,人类,2010/9/8,以美貌闻名，但却以无情立命的莎拉是一位比尔吉沃特的船长，她在这座港镇的强硬犯罪集团中塑造了不容轻视的形象。在她还是个孩子的时候，亲眼目睹了海盗之王普朗克谋杀了自己的家人。多年以后她残忍地报仇雪恨，把他和他的旗舰连人带船一同炸飞。所有低估她的人都会发现，自己面对的是一个极具欺骗性的狡黠对手，还有可能要处理肚子里的一两颗子弹。
75,孙悟空,齐天大圣,艾欧尼亚,战士,瓦斯塔亚,2011/7/26,悟空是一个瓦斯塔亚族的机灵鬼，用自己的力量、灵敏和机智迷惑对手并抢得先机。机缘巧合让他结识了一位剑客并与之成为一生的挚友，这位剑客被人称作易大师。后来，悟空就成为了古老武术门派“无极”的最后一位弟子。如今，附魔长棍傍身的悟空，目标是让艾欧尼亚免遭崩溃的命运。
76,莫德凯撒,铁铠冥魂,诺克萨斯,战士,非人,2010/2/24,两度被杀，三度重生。莫德凯撒是一位来自远古纪元的残酷军阀，他使用死灵巫术将无数灵魂禁锢在永恒的奴役中。现在几乎无人记得他早期的那些征服战争，也无人知道他有多强大的力量，但也有一些古老的灵魂认得他，而他们一直都在担心有一天他会回来，同时统治生者和死者。
77,莫甘娜,堕落天使,德玛西亚,法师,星灵,2009/2/21,在天界与凡间双重本性的夹缝中左右为难的莫甘娜，束缚了自己的双翼并拥抱了人性，还将自己的痛苦和怨恨施加给那些失信和堕落之人。她与一切自己眼中不公正的法律和传统对抗，并从德玛西亚的阴暗中投出保护的盾牌和暗焰的锁链，与试图镇压真理的人战斗。最重要的是，莫甘娜坚信，即使是被放逐、被遗弃的人，也可能有朝一日重获新生。
78,娜美,唤潮鲛姬,符文之地,辅助,瓦斯塔亚,2012/12/7,娜美是一名强大年轻的瓦斯塔亚海族。当鲛人族与巨神族之间自古订立的契约被打破，她是第一个离开海洋、踏上陆地的人。她别无选择，只能挺身而出担此重任，完成神圣的仪式从而确保族人的安全。在这崭新时代的混乱浪潮中，娜美用无比的决心和无畏的斗志面对未知的明天，用手中的唤潮者之杖召唤来自海洋的力量。
79,内瑟斯,沙漠死神,恕瑞玛,战士,飞升者,2009/10/1,内瑟斯是一位庄严威武的犬首人身飞升者——他们是一群受到恕瑞玛的子民敬仰的比肩天神的人物。他的睿智中透着凶狠，作为知识的守护者和无双的战术家，用智慧引导帝国延续了数百年的繁荣伟大。阿兹尔飞升失败后，内瑟斯开始了自我放逐，成为了人们口中缥缈的传说。现在，太阳圆盘已经再一次崛起，他也随之回归，并决心绝不让它再度陨落。
80,诺提勒斯,深海泰坦,比尔吉沃特,坦克,非人,2012/2/14,早在比尔吉沃特立起第一座码头的时候，就有一个孤独的传说。身着铁甲的巨人诺提勒斯在蓝焰岛附近的黑暗水域中徘徊。他心里记恨着一桩不可原谅的背叛，毫无预警地出手。他甩动巨大的船锚，拯救落难的可怜虫，或是将贪婪的人拖进末日。据说，没有缴“比尔吉沃特什一税”的人就是他的目标。他会带着他们和自己一起沉入波涛——相当于一个铁板钉钉的提醒，没人能逃脱深海的制裁。
81,妮蔻,万花通灵,以绪塔尔,法师,瓦斯塔亚,2018/11/19,妮蔻来自一个早已迷失的瓦斯塔亚部落。她可以借用别人的外表来伪装自己，融入人群，甚至通过影响别人的情绪状态，一瞬间就能化敌为友。没人知道妮蔻到底在哪儿——或者到底是<i>谁</i>，但是想要为难她的人会立刻见识到她的本色，感受原始的精神魔法倾泻在自己身上的痛苦。
82,奈德丽,狂野女猎手,以绪塔尔,刺客,瓦斯塔亚,2009/12/17,在密林深处长大的奈德丽是一位追猎大师，她可以变换形态，成为一只凶猛的美洲狮。她既不是真正的人类，也不是真正的野兽，但她会用精心布置的陷阱和灵活自如的标枪，凶狠地捍卫自己的领地不被任何人侵犯。她会先打击猎物的行动能力，然后再以大猫的形态上前扑杀。只有很少数人曾侥幸逃脱并活下来讲述一个狂野女猎手的故事，讲述她锐利的猎手本能，以及更加锐利的爪子。
83,魔腾,永恒梦魇,符文之地,刺客,恶魔,2011/3/15,"将一切有知觉的脑海中萦绕的噩梦提取出来，进而融合成一个恶魔般的实体，这就是被人称为魔腾的存在，它已成为一种纯粹邪恶的原始力量。它的外形捉摸不定，一团无面的黑影中睁着一双冰冷的眼睛，身体两侧是一对形状恐怖的刀刃。魔腾摆脱了精神领域的束缚，一次又一次地进入梦醒后的凡尘世界，寻觅那些在真正的黑暗中疯长的恐惧，作为自己的食粮。
"
84,努努和威朗普,雪原双子,弗雷尔卓德,坦克,人类,2009/2/21,很久以前，曾有个小男孩，他要证明自己是个英雄，于是决定去杀掉一头凶猛的怪兽——但他却发现这个怪兽其实是个孤独的魔法雪人，而且他需要的只是一个朋友。雪人和男孩被古老的力量所连结，也因对雪球的共同爱好而玩到一起。努努和威朗普如今在弗雷尔卓德的土地上肆意撒欢打滚，为想象中的冒险注入鲜活的生命力。他们希望能够在前面的某个地方找到努努的母亲。如果他们能拯救她，或许他们就真的是英雄了……
85,奥拉夫,狂战士,弗雷尔卓德,战士,人类,2010/6/9,奥拉夫是一股无坚不摧的毁灭之力，战斧在手的他别无所求，只想光荣地死在战斗中。奥拉夫来自弗雷尔卓德的海岸半岛洛克法，他曾在一次占卜预言中听闻自己将安详地死去——这是懦夫的命运，也是对他们族人的莫大侮辱。于是，为了追寻另外一种结局，他在狂怒的驱动下在这片土地上暴跳横行，屠杀了数十名伟大的战士和传说中的野兽，希望能够找到能够阻止自己的对手。如今他是凛冬之爪部族残酷的执法者，希望在即将到来的大战中找到自己的终结。
86,奥莉安娜,发条魔灵,皮尔特沃夫,法师,非人,2011/6/1,奥莉安娜浑身上下全部由发条和齿轮构成，是一个科技的奇观，但她并非生来如此——她也曾是一个拥有血肉之躯的好奇女孩。由于祖安下层街区的一次事故，让奥莉安娜患上不治之症，她日渐衰竭的身体必须被一点点替换成精密的人造器官。如今的奥莉安娜带着一个非凡的黄铜球体，里面安放着她的海克斯心脏，她终于获得了自由，可以尽情探索皮尔特沃夫，以及更远处的奇景。
87,奥恩,山隐之焰,弗雷尔卓德,坦克,神,2017/8/22,奥恩是弗雷尔卓德的一位半神，主掌着锻造和工艺。他在名为炉乡的火山下的溶洞中凿出了一座雄伟的工坊，独自一人在里头干活。他摆弄着熔岩沸腾的坩埚，提炼矿石，打造出无与伦比的精良物件。当其他神灵——尤其是沃利贝尔，在大地上行走并且介入了凡间的事务时，奥恩就会出面，将这些鲁莽的家伙劝回各自的位置上。要么是用手里可靠的锤子，要么就是群山的烈火。
88,潘森,不屈之枪,巨神峰,战士,星灵,2010/2/2,曾经被战争星灵附体的阿特瑞斯，在他体内那股天界力量被弑杀的时候，以凡人的身份活了下来，即便是那裂空摘星的一击，也无法让他屈服。不久以后，他学会了拥抱自己凡性的力量，以及凡性之中顽强的韧劲。如今的阿特瑞斯作为重生的潘森，反抗神性。他坚不可摧的意志在战场上化为火焰，注入那些曾经属于星灵的武具中。
89,波比,圣锤之毅,德玛西亚,坦克,约德尔人,2010/1/13,符文之地从来都不缺勇敢的英雄，但很少有谁能像波比一样坚毅。她一直带着奥伦的传奇圣锤，哪怕锤柄立起来有两个她那么高。这位意志坚决的约德尔人在无数个岁月中一直都在秘密地寻找“德玛西亚的英雄”，也就是传说中这把战锤的最合适的主人。在找到他之前，波比肩负起战斗的使命，用旋风般的攻击打退王国的敌人。
90,派克,血港鬼影,比尔吉沃特,辅助,非人,2018/5/31,在比尔吉沃特的屠宰码头，颇有名气的鱼叉手派克葬身在一条巨大的琢珥鱼腹内……然而，他却回来了。他在家乡的阴街陋巷中徘徊着，用超自然的手段干脆残忍地解决那些鱼肉他人的恶棍——一座因捕猎怪物而自豪的城市如今发觉自己却成了狩猎的目标。
91,奇亚娜,元素女皇,以绪塔尔,刺客,人类,2019/6/7,在丛林都市以绪奥肯中，奇亚娜谋划着自己荣登育恩塔尔塔座的无情之路。作为父母的末位继承人，她以前无古人的元素魔法技艺，傲视所有挡在面前的人。这片大地服从着奇亚娜的每一道指令，她认为自己是以绪奥肯历史上最伟大的元素使——就凭这点，她理应执掌的不仅是一座城邦，而是一个帝国。
92,奎因,德玛西亚之翼,德玛西亚,射手,人类,2013/3/1,由布维尔家族资助的奎因，是德玛西亚的游骑兵，经常深入敌国腹地执行危险的任务，她与同伴——传奇巨鹰华洛之间存在着一种牢不可破的纽带，绝无仅有，致命非凡。很多时候，他们的对手死到临头也没意识到，自己面对着的这位德玛西亚英雄，并不是在孤军奋战。灵活矫健的奎因用十字弩瞄准射击，而华洛则在上空揪出隐藏的目标，他们之间的默契配合让战场上的敌人无处遁逃。
93,洛,幻翎,艾欧尼亚,辅助,瓦斯塔亚,2017/4/11,风流潇洒，魅力无穷，同时也令人难以捉摸的洛，是一位臭名远扬的瓦斯塔亚捣蛋鬼，也是洛特兰部落有史以来最为出色的战舞舞者。在艾欧尼亚高地居民的眼中，“洛”这个名字等同于热闹非凡的节日庆典、热火朝天的狂欢聚会和即兴乱奏的音乐。不过这个精力充沛的江湖艺人早已放弃了旧日的生活，全心全意投入爱人的事业——逆羽，霞的大义。他们一起，为艾欧尼亚的野生魔法谋求自由，让瓦斯塔亚重获与生俱来的权利。
94,拉莫斯,披甲龙龟,恕瑞玛,坦克,非人,2009/7/10,许多人对其崇拜敬仰，少数人对其嗤之以鼻，但所有人都对其一无所知。奇怪而有趣的生物拉莫斯就是一个谜团。他全身覆盖尖刺硬壳，人们对他的出身来历的猜测层出不穷——有人说他是半神，有人说他是神谕者，有人说他只是普通的野兽，遭遇了魔法的影响而发生彻底变异。无论真相如何，拉莫斯始终都默不作声，而且不会为任何人停留，永远都在恕瑞玛的沙漠中奔走游荡。
95,雷克塞,虚空遁地兽,虚空之地,战士,虚空生物,2014/12/11,作为食物链顶端的掠食者，残忍无情的虚空生物，雷克赛能够在地下挖掘隧道，偷袭并吞食毫无防备的猎物。她那永不满足的饥渴让曾经鼎盛一时的恕瑞玛帝国所在的地区满目疮痍。商人、贸易者和武装商队都会绕行百里，来躲开这些广袤的地区。一旦有人在遥远的地平线看到雷克赛，就等于看到自己葬身沙砾之下的命运。
96,芮尔,镕铁少女,诺克萨斯,辅助,人类,2020/11/23,芮尔是黑色玫瑰用凶残的试验一手制造出来的产物，她是狂妄的活体武器，决心要颠覆诺克萨斯。她的童年悲惨且惊悚，那些不可言说的处理过程将她的魔法塑造成完美的武器，让她可以任意控制金属。直到最后她展开了一场暴力的逃离，从数量众多的看管者中杀出一条血路。如今，被认定为逃犯的芮尔对诺克萨斯士兵进行无差别攻击，同时寻找着曾经“学院”里的幸存者，保护柔弱者，对曾经的那些教员送去无情的死亡。
97,雷克顿,荒漠屠夫,恕瑞玛,战士,飞升者,2011/1/18,雷克顿是一位来自恕瑞玛炙热沙漠中的面目可怖、野蛮狂怒的飞升者。他曾经是帝国最受尊敬的英雄，带领军队取得过无数次胜利。然而，在太阳圆盘陨落以后，雷克顿被困在了沙漠之下，慢慢地，在世界变迁的同时，雷克顿丧失了理智。现在他重获自由，但却被一个执念吞噬：找到并杀死他的哥哥内瑟斯，因为他坚信是内瑟斯害他经受了数百年黑暗束缚。
98,雷恩加尔,傲之追猎者,以绪塔尔,刺客,瓦斯塔亚,2012/8/21,瓦斯塔亚的雷恩加尔是一名声名远扬又凶残无比的猎手。他的人生充满着追寻猎杀危险的生物的快感。他寻遍整个世界，只为寻找他能找到的最可怕的野兽，特别是寻找任何关于卡兹克的踪迹。这头来自虚空的野兽弄瞎了他的一只眼睛。雷恩加尔追寻着猎物，不为捕食也不为荣耀，只是为了纯粹的猎杀所带来的激烈美感。
99,锐雯,放逐之刃,诺克萨斯,战士,人类,2011/9/14,一度担任诺克萨斯军队剑士长的锐雯，曾通过自己信念的力量和野蛮的行事风格在军中不断晋升，因此获得了一把传奇的符文之刃和自己的战团作为奖赏——然而在艾欧尼亚的前线上，锐雯对祖国的信仰遭到了考验，并最终粉碎。她切断了与帝国的一切关联，在分崩离析的世界中找寻自己的归宿，即使纷飞的谣言传说着诺克萨斯已经重铸。如今，锁链加身的她被迫回到诺克萨斯，即将在曾经的祖国接受审判……
100,兰博,机械公敌,班德尔城,战士,约德尔人,2011/4/26,兰博是一个有脾气的约德尔青年发明家。他仅用自己的双手和一堆废铁，就造出了一架巨大的机甲，上面还搭载了电击鱼叉和燃烧火箭弹等超常规武器。虽然其他人可能对他的垃圾场发明嗤之以鼻，但兰博根本不在乎——毕竟，喷出铄金之火的枪口，在他自己手里。
101,瑞兹,符文法师,符文之地,法师,人类,2009/2/21,瑞兹是符文之地广为人知的最老练的法师之一。他生于远古，饱经风霜，肩负着不可承受之重任。这位大法师的武器，是他无可摧折的决心和丰富的秘法学识，他一生都在寻找着世界符文——它们是令这世界从无到有、万物成形的原生魔法所留下的碎片。他一定要找到所有这些神秘的字符，以免落入恶人之手，因为瑞兹知道它们可能给符文之地带来怎样的浩劫。
102,莎弥拉,沙漠玫瑰,诺克萨斯,射手,人类,2020/9/21,莎弥拉以寸步不让的自信直视死亡，无论走到哪里都要寻找刺激。生于恕瑞玛的她在很小的时候就被摧毁了家园，后来受到了诺克萨斯的感召，在那里，她成为了英姿飒爽的孤胆女将，专门处理最高规格的凶险任务。莎弥拉使用黑火药双枪外加一把特殊制程工艺的大刀，她在生死存亡的关头尤为勇猛，以闪钢与烈焰终结任何拦路者。
103,瑟庄妮,北地之怒,弗雷尔卓德,坦克,寒冰血脉,2012/1/17,瑟庄妮是凛冬之爪部族残忍无情的战母，带领的部族也是弗雷尔卓德土地上最令人闻风丧胆的。她的部族的生存，是一场旷日持久的、毫无希望的对抗元素之力的战斗，迫使他们劫掠诺克萨斯人、德玛西亚人，还有阿瓦罗萨部族等等，以便渡过残酷的凛冬。瑟庄妮在最危险的战斗中身先士卒，骑着居瓦斯克野猪“钢鬃”冲在最前方，用她臻冰打造的链枷让敌人粉身碎骨。
104,赛娜,涤魂圣枪,符文之地,辅助,暗影,2019/10/20,"在孩童时期就受到诅咒的赛娜，注定被超自然的黑雾不断侵扰，于是她加入了一个名叫“光明哨兵”的神圣教团，进行勇猛的反击。但最后她却在战斗中殒命，灵魂被囚禁在残酷怨灵锤石的灯笼中。拒绝失去希望的赛娜，在灯笼中学会了如何使用黑雾，并重获新生，接受了永久的改变。如今的赛娜同时使用黑暗和光明的力量，要用黑雾自己的力量终结黑雾——每一次圣物武器的炮火，都救赎着雾中的迷魂。
"
105,萨勒芬妮,星籁歌姬,皮尔特沃夫,法师,人类,2020/10/12,萨勒芬妮生在皮城，但父母都是祖安人。她能听到其他人的灵魂——整个世界都在对她唱歌，而她也回以自己的歌声。虽然她小的时候曾被这些声音压得不堪重负，但如今她从这些声音中汲取灵感，将混乱变为协奏。她为这对姊妹城市演唱，提醒这里的人们，他们并不孤单，他们凝聚起来会更强大，在她眼中，他们的潜力是无限的。
106,瑟提,腕豪,艾欧尼亚,战士,瓦斯塔亚,2019/12/18,在与诺克萨斯的战争结束之后，艾欧尼亚的地下王国日渐兴起，瑟提在其中脱颖而出，成为了一方霸主。虽然他一开始只是纳沃利的搏击场里的无名小卒，但他有着一身蛮力，而且极其耐打，很快就名声鹊起。等到当地的搏击手尽数被他击败之后，瑟提靠着一腔勇武，掌控了自己曾经浴血奋战的搏击场。
107,萨科,恶魔小丑,符文之地,刺客,恶魔,2009/10/10,很久以前有人为一个孤独的小王子制作了一个玩物，一只附有魔法的提线人偶，它就是如今那个以杀人和破坏取乐的萨科。由于黑魔法的腐化，再加上痛失爱主，曾经友善的人偶如今只能在折磨灵魂制造苦痛的时候才能感到愉悦。小孩子的玩具和简单的戏法在他手中都有了致命的效果。而且，他觉得自己的血腥“游戏”滑稽至极——如果有谁在死寂的夜里听到了阴森的窃笑，或许那就是恶魔小丑看中了他们，作为自己新的玩物。
108,慎,暮光之眼,艾欧尼亚,坦克,人类,2010/3/24,在隐秘的艾欧尼亚武装力量均衡教派中，慎背负着领袖的职责和暮光之眼的称号。他力求超脱自身的情感、偏执以及自我，行走于灵魂领域和物质世界之间无人通晓的隐秘道路。为了贯彻精神与物质之间的均衡，慎用一把钢刀和一把魂刃对抗任何威胁到均衡的人。
109,希瓦娜,龙血武姬,德玛西亚,战士,龙,2011/11/1,希瓦娜是超越凡人的生物，心中燃烧着纯粹的元素魔法。虽然她平时以人的形象出现，但在必要的时候，她能显露出真正的形态，变为一条威猛的巨龙，用龙息烈焰吞噬敌人。希瓦娜曾拯救过皇子嘉文四世的性命，如今她心神不安地在皇子的卫队中效力，力图在多疑的德玛西亚人中求得接纳。
110,辛吉德,炼金术士,祖安,坦克,人类,2009/4/18,辛吉德是一位祖安炼金术士，拥有无人能及的智力，将自己的生命献给了对知识边界的探索——不惜一切代价，甚至包括自己的理智。他的疯狂行为有何目的？虽说他的合剂总是很有效，但在大多数人眼里，辛吉德已经失去了作为人类的心智，无论走到哪里都留下一道悲惨、恐怖的剧毒踪迹。
111,赛恩,亡灵战神,诺克萨斯,坦克,人类,2009/2/21,赛恩是一个来自先前时代的诺克萨斯军阀，曾经徒手掐死过一代德玛西亚国王。但他拒绝了死亡的安宁，被复活以后继续为帝国效命。只要挡住他的去路，都会被他无差别地屠杀，敌我不分，足可证明他几乎尽失了从前的人性。即便如此，他腐朽的身体还是被钉上了粗糙的装甲，继续以丧心病狂的鲁莽冲上战场，在每一下巨斧的挥砍中艰难地回忆真正的自我。
112,希维尔,战争女神,恕瑞玛,射手,人类,2009/2/21,"希维尔是著名雇佣兵队长，在恕瑞玛沙漠中进行她最擅长的工作。她的兵器是一柄颇具传奇色彩的十字刃，她曾赢得过无数次战斗，只要雇主付得起钱，她就拿得下胜利。她也曾从古老帝国的地下古墓中找回过许多失落的宝藏并引以为豪——当然，也是为了丰厚的酬劳。不过随着好几股远古的力量搅动着恕瑞玛的根骨，希维尔突然发现自己被裹挟着、拉扯着，卷入了两种截然不同的命运…...
"
113,斯卡纳,水晶先锋,恕瑞玛,战士,壳人族,2011/8/9,作为壳人族的一员，斯卡纳是一只身形庞大的水晶蝎，来自于恕瑞玛的一处隐秘山谷。壳人族因卓然的智慧和与魔法深切的联系而闻名，他们的身体与强大的生命水晶相融合，通过水晶完好地保存了先祖的记忆与现世的思绪。在久远的过去，壳人族为了躲避被灭绝的灾难而进入了长眠。然而不久前，新的威胁唤醒了斯卡纳，如今的他要拼尽全力保护其余的同胞，免遭任何人的迫害。
114,娑娜,琴瑟仙女,德玛西亚,辅助,人类,2010/9/21,娑娜是一位弦乐演奏家，“叆华”的优美和弦与多变曲调就是她唯一的语言。这种文雅的举止让她深得德玛西亚贵族的宠爱，不过有人猜测她迷人的旋律其实是在施放魔法——这在王国境内是如履薄冰。在外人看来她一言不发，但娑娜最亲密的同伴却能读懂她。娑娜弹拨的和声不仅能够安抚受伤的盟友，而且还能打击掉以轻心的敌人。
115,索拉卡,众星之子,巨神峰,辅助,星灵,2009/2/21,索拉卡是来自天界领域的流浪者。她放弃了不朽的神格，保护凡间的种族免遭他们自身暴力本能的伤害。她对自己遇见的每个人都施以同情与仁慈——指引迷途，治愈伤痛。虽然索拉卡见证了这世上如此多的苦痛与挣扎，但她依然相信符文之地的人们依然有更多潜力尚未发现。
116,斯维因,诺克萨斯统领,诺克萨斯,法师,恶魔,2010/10/5,"杰里柯·斯维因是诺克萨斯高瞻远瞩的统治者，执掌一个独尊力量的扩张主义国度。虽然他曾在艾欧尼亚战争中被击倒并留下残疾，失去了左臂，但他却成功用无情的决心掌控了整个帝国……也获得了一只新的恶魔之手。现在，斯维因在前线亲自指挥，对抗着只有他才能看到的压境黑暗——只有他才能通过黑影般的渡鸦窥见周围死尸的秘密。在献祭与秘密的漩涡中，最惊天的秘密是，真正的敌人来自内部。
"
117,塞拉斯,解脱者,德玛西亚,法师,人类,2018/1/8,在小城边沟镇长大的塞拉斯，如今却成了德玛西亚雄都的黑暗面的代表人物。当他还是个男孩的时候，人人避之唯恐不及的搜魔人发现他拥有感知法师的能力，便将他控制起来，利用这种能力来对付塞拉斯的同类。逃出生天之后的塞拉斯现在是一个坚定的抗命者，他要借助法师的力量摧毁自己曾经侍奉过的王国…...遭到放逐而前来追随他的法师也与日俱增。
118,辛德拉,暗黑元首,艾欧尼亚,法师,人类,2012/9/13,"辛德拉是一位令人胆寒的艾欧尼亚魔法师，操纵着难以置信的力量。她在孩童时期就表现出了粗暴而狂野的魔法天赋，让村庄的长老们深感不安。她被送去外地学习如何控制自己，但她最终发现自己所谓的导师其实是在抑制自己的能力。辛德拉将遭遇背叛和伤痛的感觉化为黑暗的能量法球，她发誓要消灭一切想要控制她的人。
"
119,塔姆,河流之王,符文之地,辅助,恶魔,2015/7/9,塔姆在历史上有许多不同的名字，他游历于符文之地的各条水道，用大意之人的悲惨喂养自己贪得无厌的食欲。虽然他的外表可能富有古怪的魅力和得意，但他在物质领域的漫游只是为了寻找毫无戒心的猎物。他的舌头像巨大的鞭子，即使是全副武装的重甲士兵也会被他从十几步以外的距离击晕，而如果跌入了他隆隆作响的肚子里，就相当于掉进了九死一生的绝命深渊。
120,塔莉垭,岩雀,恕瑞玛,法师,人类,2016/5/18,塔莉垭是一位来自恕瑞玛的游牧民族的法师，孩子的好奇与大人的责任两股力量同时拉扯着她。她曾踏遍瓦洛兰的山山水水，只为寻得控制己身异能的法门，不过最近，她已经回到了故乡，保护生她养她的部族。有些人把她的温柔善意当做是懦弱的表现，最终也为自己的愚鲁付出了代价。塔莉垭青春稚嫩的举止背后，是一颗敢于移山填海的雄心，和一个堪能倾世的灵魂。
121,泰隆,刀锋之影,诺克萨斯,刺客,人类,2011/8/24,泰隆是黑暗中的匕首，是绝无仁慈的杀手，他出手前不会有任何警告，不会留任何退路，也不会引起任何警觉。泰隆在诺克萨斯的野蛮街巷中深深烙印了自己危险的名号，在这里他被迫为了生存而战斗、杀戮、偷窃。后来恶名昭彰的杜·克卡奥家族收养了他，现在他为帝国的指挥部贡献自己的夺命手段，暗杀敌人的领袖、军官和英雄…...当然也包括任何得罪了最高长官们的诺克萨斯蠢货。
122,塔里克,瓦洛兰之盾,巨神峰,辅助,星灵,2009/8/19,塔里克是保护者星灵的宿主，用超乎寻常的力量守护着符文之地的生命、仁爱以及万物之美。塔里克曾因渎职而被放逐，离开了祖国德玛西亚，前去攀登巨神峰寻找救赎，但他找到的却是来自群星的更高层的召唤。现在的塔里克获得了天界的神力，“瓦罗兰之盾”将永不疲倦地警醒着，为这个世界上的人们提防任何威胁。
123,提莫,迅捷斥候,班德尔城,射手,约德尔人,2009/2/21,不惧艰难险阻、不惧坎坷危途，提莫怀着无比的热情和欢欣的精神探索着整个世界。作为一个约德尔人，他对自己的道德观坚定不移，同时对班德尔斥候的信条感到自豪，有的时候，他的热忱甚至会让他无法看到自己的行为会在更大的意义上导致什么样的后果。虽然有的人认为这支斥候小队是否真正存在还有待商榷，但有一件事是肯定的：提莫的信念绝不容小觑。
124,锤石,魂锁典狱长,暗影岛,辅助,暗影,2013/1/23,暴虐又狡猾的锤石是一个来自暗影岛的亡灵，野心勃勃、不知疲倦。他曾经是无数奥秘的看守，在一种超越生死的力量下骨肉瓦解，而现在他则使用自己独创的钻心痛苦缓慢地折磨并击溃其他人，以此作为自己存在下去的手段。被他迫害的人需要承受远超死亡的痛苦，因为锤石会让他们的灵魂也饱尝剧痛，将他们的灵魂囚禁在自己的灯笼中，经受永世的折磨。
125,崔丝塔娜,麦林炮手,班德尔城,射手,约德尔人,2009/2/21,许多约德尔人都将自己的精力花在探索发现、发明创造或者搞恶作剧上，然而崔丝塔娜则一心向往伟大勇者们的冒险故事。她听闻了太多关于符文之地的事，关于不同的势力、关于庞大的战争。崔丝塔娜相信自己也有资格成为传奇。她首次踏进了这个世界，拿着她信赖的加农炮“轰隆”，带着坚定的勇气和乐观的精神跳进战场。
126,特朗德尔,巨魔之王,弗雷尔卓德,战士,非人,2010/12/1,特朗德尔是一个粗鄙且狡猾的巨魔，性格非常顽劣。没有什么东西不能被他打到屈服认输，甚至是弗雷尔卓德本身。他的领土意识极强，任何进入他领地的蠢蛋都会被他追杀。巨大的臻冰棍棒随时伺候。他会让敌人感到刺骨寒冷，并且用锯齿状的冰柱刺穿他们，最后在他们血溅冰原的时候放声大笑。
127,泰达米尔,蛮族之王,弗雷尔卓德,战士,人类,2009/5/1,"桀骜不羁和无尽的愤怒驱使着泰达米尔在弗雷尔卓德所向披靡。他曾公开挑战北方最伟大的战士，让自己为未来更黑暗的时日做好准备。这位愤怒的野蛮人一直都在为自己被灭绝的氏族寻求复仇，不过最近他与阿瓦洛萨部族的战母艾希达成了联姻。他非人的力量与毅力是众人皆知的传奇，而且也为他和他的新盟友带来了无数次奇迹般的胜利。
"
128,崔斯特,卡牌大师,比尔吉沃特,法师,人类,2009/2/21,崔斯特是一名声名狼藉的纸牌高手和诈骗惯犯，世界上任何有人烟的地方都有他施展魅力和赌艺的足迹，让那些富人和痴人既羡慕又嫉恨。他很少会认真起来干一件事，总是用一抹轻蔑的微笑和一副漫不经心的随性面对每一天。无论面对什么情况，崔斯特的袖子里永远都会藏着一张王牌。
129,图奇,瘟疫之源,祖安,射手,非人,2009/5/1,虽然出身只是一只瘟疫老鼠，但图奇却靠热情成为了一位污秽的鉴赏家，他可不介意弄脏自己的爪子。他使用一把炼金动力十字弩瞄准皮城人的镀金心脏，发誓要让这些生活在上层都市的人们知道他们真实的自我究竟有多么肮脏。他总是鬼鬼祟祟蹑手蹑脚，不是在地沟区翻来翻去，就是在别的地方深挖人类的垃圾堆，寻找被丢弃的宝藏……或者是一块发霉的三明治。
130,乌迪尔,兽灵行者,弗雷尔卓德,战士,非人,2009/12/2,乌迪尔不只是一个人而已；他体内承载着原始兽灵的不羁能量。在与这些兽灵的野性进行心灵感应时，乌迪尔可以驾驭它们独特的力量，介导无尽的速度、韧劲、和凶猛。结合它们的力量，乌迪尔将击退所有妄图危害自然秩序的人。
131,厄加特,无畏战车,祖安,战士,人类,2010/8/24,厄加特曾一度是诺克萨斯强大的处刑人，但这个让他为之杀人如麻的帝国，最后却背叛了他。铁链束缚着他，并迫使他在一个新的地方懂得了力量的真正意义——祖安地下深处的监牢矿坑——“沉钩”。后来的一场灾难让祖安城中混乱肆虐，厄加特也借机破土而出，在祖安的地下犯罪世界傲视群雄。曾经奴役他的铁链，现在是他折磨猎物的工具，他会用枪火洗礼自己新的家园，肃清那些不配苟活的人，将祖安铸成一座痛苦的熔炉。
132,韦鲁斯,惩戒之箭,艾欧尼亚,射手,暗裔,2012/5/8,"韦鲁斯是一名来自远古的暗裔。身为一名冷血的杀手，他最爱的就是用箭矢折磨敌人。先让他们失心发疯，再了结他们的性命。韦鲁斯虽然在暗裔大战结束后便遭囚禁，但却在几百年后成功逃脱，寄宿于两位艾欧尼亚猎人再造的血肉之躯中。这二人无意之间释放了韦鲁斯，从此便背上了那把蕴含着韦鲁斯精魄的长弓。如今的韦鲁斯寻找着那些囚禁他的人，急欲施行报复，但体内的两个灵魂却在阻挠他的每一步行动。
"
133,薇恩,暗夜猎手,德玛西亚,射手,人类,2011/5/10,肖娜·薇恩是一位无情的德玛西亚怪物猎手。终其一生，她都在寻找杀害她全家的恶魔。她的手臂上装着十字弩，心中燃烧着熊熊的复仇怒火，从暗影中射出圣银弩箭的风暴，薇恩只有在杀死那些为黑暗魔法所控制的人和生物时，才能真正感到愉悦。
134,维迦,邪恶小法师,班德尔城,法师,约德尔人,2009/7/24,"维迦是热衷于魔法的约德尔巫师。几乎没有哪个凡人敢碰的恐怖力量，他却能敞开怀抱。作为拥有自由精神的班德尔城居民，他曾渴求凡人所使用的天界魔法，但在不朽堡垒渡过的囚禁生活扭曲了他的天生好奇心。现在他已经变成了一个偏执的生物，掌握着星辰的黑暗怒火。人们总会低估维迦的力量——虽然维迦发自心底地觉得自己是邪恶的，但也有人会质疑他的深层动机……
"
135,薇古丝,愁云使者,暗影岛,法师,约德尔人,2021/9/8,在暗影岛的黑色中心，一个约德尔人孤独地踯躅在鬼魅的浓雾中，在那片阴郁的惨象中安然自得。薇古丝有着取之不尽的少年烦恼，身后还跟着一个强大的黑影，她为自己打造了一片阴郁的小天地，沉浸其中，远离 “正常人”世界里恶心的欢快气氛。虽然她没什么远大志向，但她会毫不犹豫地抹杀任何色彩和欢笑，用她的颓废魔法阻止所有试图闯入的人。
136,维克兹,虚空之眼,虚空之地,法师,虚空生物,2014/2/27,"不知道维克兹是否是第一个出现在符文之地上的虚空物，但显然没有哪个能拥有他那样的残忍而又精明的感知。它的同类会吞食或污染自己身边的一切，而它则想要仔细观察并研究物质领域——以及栖息在这里的那些陌生而又好战的东西——寻找着一切可以被虚空利用的弱点。但维克兹绝不止是被动的观察者，对于任何威胁，它都会还以致命的电浆，或者瓦解其在世界中的基本构成。
"
137,蔚,皮城执法官,皮尔特沃夫,战士,人类,2012/12/19,蔚曾经是祖安黑街上的破坏分子。她性格急躁、脾气火爆、凶神恶煞，对权威满心不屑。蔚从小到大都是孤身一人，所以练就了一身生存的本能，也培养了一种恶毒刻薄的幽默感。现在，蔚与皮尔特沃夫守卫一起合作，维护着皮城的安宁。靠着她手上的一副巨型海克斯科技拳套，无论是铜墙铁壁还是嫌犯都不在话下。
138,佛耶戈,破败之王,暗影岛,刺客,暗影,2021/1/5,一个失落已久的王国，一位千年以前的国王——佛耶戈为了让亡妻死而复生，触发了一场被后世称为“破败之咒”的魔法灾难，自己也不幸殒命。如今的佛耶戈已经变成了一个强大的亡魂怨灵，依然执着地迷恋着几百年前死去的王后。他号称破败之王，控制着夺命的蚀魂夜，在符文之地上不懈地搜寻着，希望有朝一日能将她追回。与此同时，无穷尽的黑雾从他早已支离破碎的残忍心脏中涌出，扫除他面前的一切阻碍。
139,维克托,机械先驱,祖安,法师,人类,2011/12/29,他是崭新科技时代的领路先驱，将自己毕生精力奉献给了人类的进步。他是寻求人性启迪的理想主义者，信奉着唯有光荣进化才能实现人类全部的潜能。在钢铁与科学的加持之下，维克托狂热地追求着自己理想中的光明未来。
140,弗拉基米尔,猩红收割者,诺克萨斯,法师,暗裔,2010/7/27,"弗拉基米尔是一个渴望凡人鲜血的魔鬼，早在诺克萨斯帝国建立之初就开始干涉帝国的内政。他的血巫术不仅能超越自然规律延长他的寿命，而且还能让他随心所欲地控制其他人的身体和思想。在诺克萨斯贵族奢华的沙龙聚会上，这个能力让他围绕自己建立了狂热的教众——而在底层的后巷里，这个能力则让他吸干敌人的鲜血
"
141,沃利贝尔,不灭狂雷,弗雷尔卓德,战士,神,2011/11/29,对于那些敬畏旧神的人，沃利贝尔是风暴的实体化身。他充满怪力、野性和倔强的坚毅，早在凡人行走于弗雷尔卓德的冻土苔原之前，他就已经存在。这片土地由他和他的半神同胞们共同创造，是他要拼死保护的东西。人类的文明以及随之而来的软弱让他积怨已久，如今他为了旧习古道而战——要让这片土地回归野性，让鲜血畅流无阻。他渴望迎战任何反对者，亮出他的尖牙、利爪和雷霆般的压制力。
142,沃里克,祖安怒兽,祖安,战士,非人,2009/2/21,沃里克是一头游猎于祖安灰色小巷的怪兽。他的身体接受了痛苦的实验并发生了变异，融合了精密复杂的储液舱和药泵，向他的血管中注入炼金合成的愤怒激素。他从阴影中一跃而出，猎杀那些在城市最深处肆虐的罪犯。沃里克会被鲜血吸引，血腥味让他失去理智。没有哪个沾血的人能够逃过他的猎杀。
143,霞,逆羽,艾欧尼亚,射手,瓦斯塔亚,2017/4/11,身为瓦斯塔亚的志士，霞要掀起一场革命来拯救她的族群。她身法敏捷又慧心独具，凭借锋芒逼人的羽刃，扫除任何异己。霞与她的灵魂伴侣洛并肩作战，共同守护他们日渐衰落的部族，同时韬光养晦，希望终有一天能率领全族重夺昔日荣光。
144,泽拉斯,远古巫灵,恕瑞玛,法师,飞升者,2011/10/5,泽拉斯是古代恕瑞玛的巫师，飞升以后的他变成了一种奥术能量体，在魔法石棺的碎片之中涌动。数千年来，他被囚禁在沙漠之下，但最近恕瑞玛的崛起却将他从远古的牢笼中解放出来。对权力的疯狂渴求驱使着他，想要夺回他认为属于自己的东西，并取代世界上这些自命不凡的文明，让自己成为唯一受膜拜的偶像，统一整个世界。
145,赵信,德邦总管,德玛西亚,战士,人类,2010/7/13,赵信是效忠于德玛西亚皇室家族的坚毅勇士。他曾经沦落于诺克萨斯的角斗场，在无数次角斗中得以幸存。直到他在战场上面对过嘉文三世，才决定放弃自己曾经的人生，并为更加荣耀的大业效力。有最称手的三爪长枪相伴，赵信现在为自己的第二祖国而战，一往无前，九死无悔。
146,亚索,疾风剑豪,艾欧尼亚,战士,人类,2013/12/13,"亚索是一个百折不屈的艾欧尼亚人，也是一名身手敏捷的御风剑客。这位生性自负的年轻人，被误认为杀害长老的凶手——由于无法证明自己的清白，他出于自卫而杀死了自己的哥哥。虽然长老死亡的真相已然大白，亚索还是无法原谅自己的所作所为。他在家园的土地上流浪，只有疾风指引着他的剑刃。
"
147,永恩,封魔剑魂,艾欧尼亚,刺客,人类,2020/7/24,生前，他是永恩，是亚索同母异父的哥哥，是故乡剑术道场的知名弟子。但当他死在弟弟手下以后，却发现自己被精神领域中的恶毒灵体所侵扰，不得不用它自己的刀剑将它弑杀。如今，被诅咒的永恩戴上了它的恶魔面具，开始了不懈的追猎，他要猎尽所有同种的恶魔，从而查清自己究竟成为了什么。
148,约里克,牧魂人,暗影岛,战士,人类,2011/6/22,约里克所在的教团早已被世人忘却，而他也成为了最后的幸存者。说不上是诅咒抑或是祝福，他拥有操控死者的能力。与他一同被困在暗影岛上的，只有逐渐腐败的尸体，还有他引到自己身边终日尖啸的死灵。约里克怪异的举止下掩藏着的却是他决绝的憧憬：解放他的家园于破败之咒的阴影下。
149,悠米,魔法猫咪,班德尔城,辅助,人类,2019/4/25,作为一只来自班德尔城的魔法猫咪，悠米曾是一名约德尔魔女诺拉的宠物。而当主人神秘消失以后，悠米就成为了《门扉魔典》的守护者，这是诺拉留下的一本有灵性的书。悠米带着魔典一起穿越书页中的传送门，共同寻找诺拉。渴望被宠爱的悠米在她的旅途中寻找着友善的同伴，为同伴们提供闪光护盾和坚决的意志作为保护。虽然魔典竭尽全力让她把注意力留在最初的任务上，但悠米经常会被世俗的安逸所吸引，比如打盹和吃鱼。但安逸过后，她总是会回归自己的任务，找寻自己的朋友。
150,扎克,生化魔人,祖安,坦克,非人,2013/3/29,一滩泄漏的毒液，顺着炼金科技设施的裂缝流进了祖安的地沟区，在深处一个与世隔绝的坑洞里积成了一洼。出身虽然如此低微，但扎克却从一团蒙昧的黏液长成了一个有思想的实体，栖息在城里的管道中，偶尔露面，帮助那些无助的人，或是修缮祖安的各种公共设施。
151,劫,影流之主,艾欧尼亚,刺客,人类,2012/11/13,"彻底抛弃了仁慈与怜悯的劫，是影流教派的领袖。他创立影流的目标是将艾欧尼亚的魔法和传统武术用于实战，驱逐诺克萨斯侵略者。在战争中，绝望指引他开启了神秘的暗影形态。这是一种恶灵魔法，虽然强大，但同时非常危险且有腐化之力。劫已经完全掌握了这种禁忌之术，用它摧毁自己眼中的威胁，维护自己的国家，以及自己的教派。
"
152,吉格斯,爆破鬼才,祖安,法师,约德尔人,2012/2/1,炸弹越大越好，引线越短越好，带着这种喜好的约德尔人吉格斯就是天生的爆炸狂人。他曾是皮尔特沃夫一位发明家的助手，不过因为自己千篇一律的生活而感到无聊，后来和一个名为金克丝的蓝头发小疯子交上了朋友。疯狂的城中一夜过后，吉格斯接受了她的建议，搬到了祖安，在那里更加自由地探索自己着迷的东西。在他对于爆炸的无尽追寻过程中，恐吓一直伴随着炼金男爵和普通市民之流。
153,基兰,时光守护者,符文之地,辅助,人类,2009/4/18,作为艾卡西亚统辖议会的成员之一，基兰是一位天赋异禀的元素法师，追寻时间本质的奥秘。他曾发动力量挽救他的人民于虚空侵袭，如今的他在过去、现在、和未来之间漂泊，弯折、扭曲自己周围的时间。基兰曾踏遍时间长河，从符文之地的神秘诞生，一直到它看似不可避免的结局，寻找着任何丝缕的命运，让他有可能挽回家园的毁灭。
154,佐伊,暮光星灵,巨神峰,法师,星灵,2017/11/9,调皮捣蛋、异想天开而且变化莫测，佐伊就是这一切的现实化身。作为巨神族的宇宙信使，她的出现就是惊天巨变的先兆。她甚至无需任何行为，只是单纯地出现在某个地方，就足以扭曲周围的奥术数学法则，从而扰乱现实的物理定律。有的时候还会带来浩劫与灾难，虽然她本身并无半点恶意。或许这就是为什么她对待自己的职责总是那么的漫不经心，给了她充足的时间用来玩游戏、捉弄凡人，或者自娱自乐。与佐伊的邂逅可能会给人带来欢乐与激励，但她的现身往往没这么简单，甚至常常意味着极大的危险。
155,婕拉,荆棘之兴,以绪塔尔,法师,非人,2012/7/24,婕拉诞生于一次远古的巫术灾难，她是获得了实体形态的自然之怒，是拥有诱人外观的植物与人类的混合体。她的每一个脚步都在点燃新的生命。在她眼里，瓦洛兰的众多凡人都只不过是供她播种的猎物，用夺命的尖刺杀死他们也是一件不值一提的小事。虽然她的真正目的还是个谜，但婕拉一直在世界上流浪，肆意放纵自己占领土地的欲望，同时扼杀自己领地上的所有其他生命。
